species,unit,Treatment,Period,AUC_clim,RMSE_clim,AICc_clim,BIC_clim,DIC_clim,AUC_clim no intxn,RMSE_clim no intxn,AICc_clim no intxn,BIC_clim no intxn,DIC_clim no intxn,AUC_null,RMSE_null,AICc_null,BIC_null,DIC_null
ARTR,survival,Control,Historical,0.92584751474535,0.25076909490590577,976.1031706159939,1025.7019713504442,847.6213753890548,0.927284240528043,0.25382830002810997,977.6443977218944,1016.2365429220883,840.9191791103761,0.9268153813488429,0.24947751307226357,975.4290541284562,1003.005777099562,840.1253697869234
