species,unit,DIC,Treatment,Period,AUC_clim,RMSE_clim,AICc_clim,BIC_clim,AUC_null,RMSE_null,AICc_null,BIC_null
ARTR,survival,830.7453970381921,Control,Historical,0.9216417520458324,0.2533054547258393,944.0031204924711,993.6656990696744,NA,NA,NA,NA
ARTR,survival,852.6363233747745,Control,Historical,NA,NA,NA,NA,0.9219375811035415,0.25615978182330656,991.2076574872755,1018.8196587570096
HECO,survival,2547.075497597756,Control,Historical,0.9015097493287506,0.28407713680408825,2673.925817009384,2730.6595888398424,NA,NA,NA,NA
HECO,survival,2552.1944358072387,Control,Historical,NA,NA,NA,NA,0.9005486212783348,0.28471044075271884,2685.5803158201024,2717.108971555296
POSE,survival,4330.9414342595355,Control,Historical,0.858353209474318,0.34181970071741297,4515.430617003501,4575.177346325932,NA,NA,NA,NA
POSE,survival,4369.754440327911,Control,Historical,NA,NA,NA,NA,0.8564901238389243,0.34431243862101035,4545.668368236197,4578.868076523547
PSSP,survival,4053.6500723284134,Control,Historical,0.9326085701597031,0.2755829450649259,4282.988067068199,4345.84918240374,NA,NA,NA,NA
PSSP,survival,4118.439896620635,Control,Historical,NA,NA,NA,NA,0.9323820078740799,0.2758903067785266,4344.984161450815,4379.912013946811
