species,unit,Treatment,Period,AUC_clim,RMSE_clim,AICc_clim,BIC_clim,DIC_clim,AUC_clim no intxn,RMSE_clim no intxn,AICc_clim no intxn,BIC_clim no intxn,DIC_clim no intxn,AUC_null,RMSE_null,AICc_null,BIC_null,DIC_null
ARTR,survival,Control,Historical,0.92584751474535,0.25076909490590577,976.1031706159939,1025.7019713504442,847.6213753890548,0.927284240528043,0.25382830002810997,977.6443977218944,1016.2365429220883,840.9191791103761,0.9268153813488429,0.24947751307226357,975.4290541284562,1003.005777099562,840.1253697869234
HECO,survival,Control,Historical,0.9008015510967267,0.29703312818086525,2684.053113787689,2740.77573734504,2547.329084837006,0.9003336834694786,0.2994250593363141,2687.314387998185,2731.4389216263685,2552.0469245800728,0.9005486212783348,0.296995265055468,2685.5606652863903,2717.0831397870625,2552.185420360398
POSE,survival,Control,Historical,0.860989998717619,0.33738512137258697,4492.290173997556,4551.996956517168,4312.16996917318,0.8588942496302961,0.34355462362004385,4508.041566935206,4554.485155983015,4336.5092200524,0.8588335350854359,0.3389069529766715,4505.97935956537,4539.156906660568,4336.190792952827
PSSP,survival,Control,Historical,0.9309443141504079,0.27653794646541563,4314.825871545999,4377.631546389645,4095.280009115335,0.9309767825688045,0.29200413449590246,4316.222802977099,4365.0751911893885,4100.384900724741,0.9308886644038666,0.2766285917034742,4317.50824137228,4352.405324540431,4101.2108306090295
