species,unit,Treatment,Period,AUC_clim,RMSE_clim,AICc_clim,BIC_clim,DIC_clim,AUC_clim no intxn,RMSE_clim no intxn,AICc_clim no intxn,BIC_clim no intxn,DIC_clim no intxn,AUC_null,RMSE_null,AICc_null,BIC_null,DIC_null
ARTR,survival,Control,Historical,0.9149094262477757,0.25127588674825485,991.899637296562,1041.6352484401496,861.9042760788494,0.9159654341248589,0.2536101786596095,993.1950314870675,1031.8933542205832,855.4866023950224,0.9162504711581021,0.24990393961407112,990.8788240887233,1018.5312241750568,854.9084522718746
HECO,survival,Control,Historical,0.8999925221631556,0.2990905674607784,2768.9812629957737,2825.948185687543,2626.966604805428,0.9004854085671748,0.3016469272125354,2771.9656456667703,2816.2800040423617,2631.418533242271,0.8999260865654953,0.2990219089647211,2770.59704436517,2802.2549755933323,2631.43656358899
POSE,survival,Control,Historical,0.8611941256399718,0.33839338840505917,4801.489913900492,4861.791544662857,4616.690849016297,0.8591598103401984,0.3439532925193601,4816.797618997805,4863.703549362887,4640.3847096688905,0.8592062400577207,0.3398506661153132,4814.400708146084,4847.9082719037515,4640.216857637483
PSSP,survival,Control,Historical,0.9311468747565901,0.27739167442688994,4401.387142181225,4464.37148572968,4179.745555153381,0.9311711981873894,0.292412171516157,4402.802140748452,4451.793424139416,4184.807352742874,0.9311404739042356,0.27746955937979517,4404.344752286488,4439.340996796272,4185.64311971196
