year,Treatment,X,quad,trackID,age,distEdgeMin,allEdge,QuadName,Grazing,Group,area.t0,logarea.t0,logarea.t1,species,W.ARTR,W.HECO,W.POSE,W.PSSP,W.allcov,W.allpts,Period,Treatment2,Treatment3,VWC_fall,VWC_spring,VWC_summer,TAVG_fall,TAVG_spring,TAVG_summer
2011,Control,1248,Q26,5,1,14.9020966329425,0,P10 E1 Q4,UG,P10E1,0.25,-1.38629436111989,-1.38629436111989,ARTR,2.4332587765142,0,5.22238875381206,0.0340562578394923,7.38046543164733,2.62077,Modern,Modern,ControlModern,15.746472621661251,15.768445009120924,12.815052717299471,8.24945054945055,9.657065217391304,18.608695652173914
2012,Control,1251,Q26,5,2,15.099116570875,0,P10 E1 Q4,UG,P10E1,0.25,-1.38629436111989,1.19654450633564,ARTR,1.31210680461283,0,1.93936426312459,0.00817841220900247,1.58975823251974,2.46745,Modern,Modern,ControlModern,11.503343150599637,15.888428826212307,9.90684985214487,8.418681318681319,7.377173913043478,20.61304347826087
2014,Control,1082,Q1,2,3,15.4764487962054,0,E1 Q1,UG,E1,0.25,-1.38629436111989,2.07410214152464,ARTR,0,5.31299181176928,0.0900442231620034,9.6852539791351e-4,59.5194952032932,0.04186,Modern,Modern,ControlModern,13.04104810724254,13.840272941403017,11.298799032196971,8.11098901098901,8.728260869565217,19.214130434782607
