species,unit,size_class,Treatment,Period,AICc_clim,AICc_clim no intxn,AICc_null,BIC_clim,BIC_clim no intxn,BIC_null,MAE_clim,MAE_clim no intxn,MAE_null,R2_clim,R2_clim no intxn,R2_null,RMSE_clim,RMSE_clim no intxn,RMSE_null
ARTR,log size,large,Control,Historical,2704.34385381651,2752.248534781949,2759.088716965429,2753.842425945194,2791.8780117707333,2788.833702349224,0.48646850400835157,0.4874482044654581,0.48951922980410384,0.7871792705356963,0.7874535515982712,0.7872616423887286,0.7125885921245078,0.7176688885253859,0.7194334660440814
ARTR,log size,small,Control,Historical,232.92557366813884,NA,248.7889242031662,244.75372938448464,NA,256.9625333904075,0.8363255596337331,NA,0.7694759302995707,0.48852227916191476,NA,0.4885222791619149,0.9235123518559449,NA,0.8512216098233153
HECO,log size,large,Control,Historical,5286.329026652686,5299.498323767592,5320.44376713341,5343.665863094527,5345.3817909084,5354.866847713329,0.5379783735379812,0.5419338835164803,0.5416766365619938,0.7207433760047278,0.7212142752623394,0.7211436600673855,0.7410300220914576,0.7439407133200643,0.743710210590707
HECO,log size,small,Control,Historical,1175.4378359929462,NA,1189.0529896943615,1200.4805644964845,NA,1205.7813321721112,0.7999556798801537,NA,0.7986731105395625,0.1544976870858194,NA,0.15449768708582046,0.9197427919155649,NA,0.9179392462554411
POSE,log size,large,Control,Historical,8621.210456345982,8641.484882288625,8649.581701832965,8681.885083286876,8690.034611948775,8686.001510769038,0.6810501790779656,0.6853242535468987,0.6858764770711712,0.49010192611839754,0.4889734080078938,0.4888887893692622,0.8743831603191099,0.88135727104238,0.8814877942461155
POSE,log size,small,Control,Historical,2098.95497430982,NA,2110.288949402649,2126.430485152759,NA,2128.628115832608,0.7625180450789693,NA,0.8108600516007805,0.10854906247470555,NA,0.10854906247470436,0.8607882917657752,NA,0.9094850240686377
PSSP,log size,large,Control,Historical,11063.779899568544,11147.140166873614,11158.484119163677,11128.307512966634,11198.769080589227,11197.210917345914,0.5755205411137465,0.584706614069295,0.5846662015034813,0.6971639143749807,0.6960108203800239,0.6959889734285476,0.7652590521991965,0.7781657952600062,0.7781227937847691
PSSP,log size,small,Control,Historical,1074.2545207911803,NA,1086.7268322236127,1098.263029824285,NA,1102.7719056534697,0.6645901192473251,NA,0.6915341731706371,0.18189141223620398,NA,0.18189141223620392,0.7889030137220118,NA,0.8210936056497942
