species,unit,size_class,Treatment,Period,R2_clim,RMSE_clim,MAE_clim,AICc_clim,BIC_clim,R2_clim no intxn,RMSE_clim no intxn,MAE_clim no intxn,AICc_clim no intxn,BIC_clim no intxn,R2_null,RMSE_null,MAE_null,AICc_null,BIC_null
ARTR,log size,large,Control,Historical,0.7812108197513999,0.7270018199642039,0.49578624514050385,2657.9941257980736,2707.2500859137913,0.7816016834947983,0.7338956705074389,0.4984127911315483,2700.8295005544455,2740.2656382684445,0.7816518241979702,0.7350643388820357,0.5001716962924346,2712.7661199799545,2742.36665937904
ARTR,log size,small,Control,Historical,0.4885222791619151,0.923512351947087,0.8363255597233595,232.92557366813182,244.7537293844776,NA,NA,NA,NA,NA,0.4885222791619149,0.851221609692513,0.7694759301595169,248.78892420316623,256.9625333904075
