species,unit,size_class,Treatment,Period,AICc_clim,AICc_clim no intxn,AICc_null,BIC_clim,BIC_clim no intxn,BIC_null,MAE_clim,MAE_clim no intxn,MAE_null,R2_clim,R2_clim no intxn,R2_null,RMSE_clim,RMSE_clim no intxn,RMSE_null
ARTR,log size,large,Control,Historical,2657.9941257980736,2700.8295005544455,2712.7661199799545,2707.2500859137913,2740.2656382684445,2742.36665937904,0.49578624514050385,0.4984127911315483,0.5001716962924346,0.7812108197513999,0.7816016834947983,0.7816518241979702,0.7270018199642039,0.7338956705074389,0.7350643388820357
ARTR,log size,small,Control,Historical,232.92557366813182,NA,248.78892420316623,244.7537293844776,NA,256.9625333904075,0.8363255597233595,NA,0.7694759301595169,0.4885222791619151,NA,0.4885222791619149,0.923512351947087,NA,0.851221609692513
HECO,log size,large,Control,Historical,5069.411007027187,5082.882408674533,5104.916217752431,5126.432051234355,5128.51369070396,5139.150494819852,0.5307494515554448,0.5350988239753345,0.5344560301175914,0.723782224204547,0.7242544501892068,0.724335247322973,0.7321916744010166,0.7353742048914517,0.7348960823611906
HECO,log size,small,Control,Historical,1137.585793495352,NA,1150.3562456471511,1162.5276798942873,NA,1167.017920059593,0.7757455895203567,NA,0.7759252949850625,0.16262875409215266,NA,0.16262875409215316,0.8910172027878461,NA,0.8905420704676154
POSE,log size,large,Control,Historical,8133.639973006551,8152.636918445884,8161.989319344693,8193.763469719124,8200.746311728173,8198.079300759957,0.6775434643480114,0.6820726752114606,0.6825754207684671,0.486226717939235,0.48496799819270553,0.48492686595042633,0.8707386470828682,0.8780247747920537,0.8780845133180185
POSE,log size,small,Control,Historical,1842.2096439459297,NA,1853.619983478914,1868.969075761836,NA,1871.4845636009582,0.7546102636041977,NA,0.8046636733662946,0.11165047027451672,NA,0.11165047027451976,0.8532315948328023,NA,0.9021070492003967
PSSP,log size,large,Control,Historical,10810.472887775824,10889.964737937797,10902.490236012709,10874.789240897473,10941.424789043656,10941.090496258697,0.5735299522118344,0.5832417310660764,0.5829473418314698,0.6973245289911351,0.6961217874032345,0.6961130620117354,0.7617202232642301,0.7746168289267414,0.77456807225623725
PSSP,log size,small,Control,Historical,1020.9768617533398,NA,1034.9944092186263,1044.7737641193435,NA,1050.8998181039046,0.6487913744491034,NA,0.6729218888526074,0.19094197639058846,NA,0.19094197639058844,0.7642268959545824,NA,0.7960420520690836
